date_key,full_date,day_of_week,day_name,month_num,month_name,quarter_num,year_num,is_weekend,is_holiday,holiday_name,is_double_day
20200101,2020-01-01,3,Thu 4,1,Thang 1,1,2020,0,1,New Year,0
20200102,2020-01-02,4,Thu 5,1,Thang 1,1,2020,0,0,,0
20200103,2020-01-03,5,Thu 6,1,Thang 1,1,2020,0,0,,0
20200104,2020-01-04,6,Thu 7,1,Thang 1,1,2020,1,0,,0
20200105,2020-01-05,7,Chu Nhat,1,Thang 1,1,2020,1,0,,0
20200106,2020-01-06,1,Thu 2,1,Thang 1,1,2020,0,0,,0
20200107,2020-01-07,2,Thu 3,1,Thang 1,1,2020,0,0,,0
20200108,2020-01-08,3,Thu 4,1,Thang 1,1,2020,0,0,,0
20200109,2020-01-09,4,Thu 5,1,Thang 1,1,2020,0,0,,0
20200110,2020-01-10,5,Thu 6,1,Thang 1,1,2020,0,0,,0
20200111,2020-01-11,6,Thu 7,1,Thang 1,1,2020,1,0,,0
20200112,2020-01-12,7,Chu Nhat,1,Thang 1,1,2020,1,0,,0
20200113,2020-01-13,1,Thu 2,1,Thang 1,1,2020,0,0,,0
20200114,2020-01-14,2,Thu 3,1,Thang 1,1,2020,0,0,,0
20200115,2020-01-15,3,Thu 4,1,Thang 1,1,2020,0,0,,0
20200116,2020-01-16,4,Thu 5,1,Thang 1,1,2020,0,0,,0
20200117,2020-01-17,5,Thu 6,1,Thang 1,1,2020,0,0,,0
20200118,2020-01-18,6,Thu 7,1,Thang 1,1,2020,1,0,,0
20200119,2020-01-19,7,Chu Nhat,1,Thang 1,1,2020,1,0,,0
20200120,2020-01-20,1,Thu 2,1,Thang 1,1,2020,0,0,,0
20200121,2020-01-21,2,Thu 3,1,Thang 1,1,2020,0,0,,0
20200122,2020-01-22,3,Thu 4,1,Thang 1,1,2020,0,0,,0
20200123,2020-01-23,4,Thu 5,1,Thang 1,1,2020,0,0,,0
20200124,2020-01-24,5,Thu 6,1,Thang 1,1,2020,0,1,Tet Holiday,0
20200125,2020-01-25,6,Thu 7,1,Thang 1,1,2020,1,1,Tet Holiday,0
20200126,2020-01-26,7,Chu Nhat,1,Thang 1,1,2020,1,1,Tet Holiday,0
20200127,2020-01-27,1,Thu 2,1,Thang 1,1,2020,0,1,Tet Holiday,0
20200128,2020-01-28,2,Thu 3,1,Thang 1,1,2020,0,1,Tet Holiday,0
20200129,2020-01-29,3,Thu 4,1,Thang 1,1,2020,0,1,Tet Holiday,0
20200130,2020-01-30,4,Thu 5,1,Thang 1,1,2020,0,0,,0
20200131,2020-01-31,5,Thu 6,1,Thang 1,1,2020,0,0,,0
20200201,2020-02-01,6,Thu 7,2,Thang 2,1,2020,1,0,,0
20200202,2020-02-02,7,Chu Nhat,2,Thang 2,1,2020,1,0,,0
20200203,2020-02-03,1,Thu 2,2,Thang 2,1,2020,0,0,,0
20200204,2020-02-04,2,Thu 3,2,Thang 2,1,2020,0,0,,0
20200205,2020-02-05,3,Thu 4,2,Thang 2,1,2020,0,0,,0
20200206,2020-02-06,4,Thu 5,2,Thang 2,1,2020,0,0,,0
20200207,2020-02-07,5,Thu 6,2,Thang 2,1,2020,0,0,,0
20200208,2020-02-08,6,Thu 7,2,Thang 2,1,2020,1,0,,0
20200209,2020-02-09,7,Chu Nhat,2,Thang 2,1,2020,1,0,,0
20200210,2020-02-10,1,Thu 2,2,Thang 2,1,2020,0,0,,0
20200211,2020-02-11,2,Thu 3,2,Thang 2,1,2020,0,0,,0
20200212,2020-02-12,3,Thu 4,2,Thang 2,1,2020,0,0,,0
20200213,2020-02-13,4,Thu 5,2,Thang 2,1,2020,0,0,,0
20200214,2020-02-14,5,Thu 6,2,Thang 2,1,2020,0,0,,0
20200215,2020-02-15,6,Thu 7,2,Thang 2,1,2020,1,0,,0
20200216,2020-02-16,7,Chu Nhat,2,Thang 2,1,2020,1,0,,0
20200217,2020-02-17,1,Thu 2,2,Thang 2,1,2020,0,0,,0
20200218,2020-02-18,2,Thu 3,2,Thang 2,1,2020,0,0,,0
20200219,2020-02-19,3,Thu 4,2,Thang 2,1,2020,0,0,,0
20200220,2020-02-20,4,Thu 5,2,Thang 2,1,2020,0,0,,0
20200221,2020-02-21,5,Thu 6,2,Thang 2,1,2020,0,0,,0
20200222,2020-02-22,6,Thu 7,2,Thang 2,1,2020,1,0,,0
20200223,2020-02-23,7,Chu Nhat,2,Thang 2,1,2020,1,0,,0
20200224,2020-02-24,1,Thu 2,2,Thang 2,1,2020,0,0,,0
20200225,2020-02-25,2,Thu 3,2,Thang 2,1,2020,0,0,,0
20200226,2020-02-26,3,Thu 4,2,Thang 2,1,2020,0,0,,0
20200227,2020-02-27,4,Thu 5,2,Thang 2,1,2020,0,0,,0
20200228,2020-02-28,5,Thu 6,2,Thang 2,1,2020,0,0,,0
20200229,2020-02-29,6,Thu 7,2,Thang 2,1,2020,1,0,,0
20200301,2020-03-01,7,Chu Nhat,3,Thang 3,1,2020,1,0,,0
20200302,2020-03-02,1,Thu 2,3,Thang 3,1,2020,0,0,,0
20200303,2020-03-03,2,Thu 3,3,Thang 3,1,2020,0,0,,0
20200304,2020-03-04,3,Thu 4,3,Thang 3,1,2020,0,0,,0
20200305,2020-03-05,4,Thu 5,3,Thang 3,1,2020,0,0,,0
20200306,2020-03-06,5,Thu 6,3,Thang 3,1,2020,0,0,,0
20200307,2020-03-07,6,Thu 7,3,Thang 3,1,2020,1,0,,0
20200308,2020-03-08,7,Chu Nhat,3,Thang 3,1,2020,1,0,,0
20200309,2020-03-09,1,Thu 2,3,Thang 3,1,2020,0,0,,0
20200310,2020-03-10,2,Thu 3,3,Thang 3,1,2020,0,0,,0
20200311,2020-03-11,3,Thu 4,3,Thang 3,1,2020,0,0,,0
20200312,2020-03-12,4,Thu 5,3,Thang 3,1,2020,0,0,,0
20200313,2020-03-13,5,Thu 6,3,Thang 3,1,2020,0,0,,0
20200314,2020-03-14,6,Thu 7,3,Thang 3,1,2020,1,0,,0
20200315,2020-03-15,7,Chu Nhat,3,Thang 3,1,2020,1,0,,0
20200316,2020-03-16,1,Thu 2,3,Thang 3,1,2020,0,0,,0
20200317,2020-03-17,2,Thu 3,3,Thang 3,1,2020,0,0,,0
20200318,2020-03-18,3,Thu 4,3,Thang 3,1,2020,0,0,,0
20200319,2020-03-19,4,Thu 5,3,Thang 3,1,2020,0,0,,0
20200320,2020-03-20,5,Thu 6,3,Thang 3,1,2020,0,0,,0
20200321,2020-03-21,6,Thu 7,3,Thang 3,1,2020,1,0,,0
20200322,2020-03-22,7,Chu Nhat,3,Thang 3,1,2020,1,0,,0
20200323,2020-03-23,1,Thu 2,3,Thang 3,1,2020,0,0,,0
20200324,2020-03-24,2,Thu 3,3,Thang 3,1,2020,0,0,,0
20200325,2020-03-25,3,Thu 4,3,Thang 3,1,2020,0,0,,0
20200326,2020-03-26,4,Thu 5,3,Thang 3,1,2020,0,0,,0
20200327,2020-03-27,5,Thu 6,3,Thang 3,1,2020,0,0,,0
20200328,2020-03-28,6,Thu 7,3,Thang 3,1,2020,1,0,,0
20200329,2020-03-29,7,Chu Nhat,3,Thang 3,1,2020,1,0,,0
20200330,2020-03-30,1,Thu 2,3,Thang 3,1,2020,0,0,,0
20200331,2020-03-31,2,Thu 3,3,Thang 3,1,2020,0,0,,0
20200401,2020-04-01,3,Thu 4,4,Thang 4,2,2020,0,0,,0
20200402,2020-04-02,4,Thu 5,4,Thang 4,2,2020,0,0,,0
20200403,2020-04-03,5,Thu 6,4,Thang 4,2,2020,0,0,,0
20200404,2020-04-04,6,Thu 7,4,Thang 4,2,2020,1,0,,0
20200405,2020-04-05,7,Chu Nhat,4,Thang 4,2,2020,1,0,,0
20200406,2020-04-06,1,Thu 2,4,Thang 4,2,2020,0,0,,0
20200407,2020-04-07,2,Thu 3,4,Thang 4,2,2020,0,0,,0
20200408,2020-04-08,3,Thu 4,4,Thang 4,2,2020,0,0,,0
20200409,2020-04-09,4,Thu 5,4,Thang 4,2,2020,0,0,,0
